{"schema":1,"id":"anaheim","name":"Anaheim Public Utilities (CA)","adapter":"anaheim","collectedAt":1782835623334,"official":{"out":104,"served":122391,"nOut":2},"areas":[{"name":"Incident 290997","out":94,"served":94,"etr":null,"loc":[33.8459461270017,-117.95689702688],"subs":[]},{"name":"Incident 290863","out":10,"served":10,"etr":null,"loc":[33.8001743638055,-117.926181519729],"subs":[]}]}