{"schema":1,"id":"anaheim","name":"Anaheim Public Utilities (CA)","adapter":"anaheim","collectedAt":1782751823521,"official":{"out":35,"served":122391,"nOut":2},"areas":[{"name":"Incident 290971","out":3,"served":3,"etr":null,"loc":[33.808998590918,-117.911881897072],"subs":[]},{"name":"Incident 290968","out":32,"served":32,"etr":null,"loc":[33.8502744545072,-117.955141683183],"subs":[]}]}