{"schema":1,"id":"gvea","name":"Golden Valley Electric (Fairbanks, AK)","adapter":"gvea","collectedAt":1782533786925,"official":{"out":75,"served":49835,"nOut":2},"areas":[{"name":"JRS R2 FUS_3086","out":19,"served":19,"etr":null,"loc":[64.51460115117641,-146.95866506779367],"subs":[]},{"name":"UAS R1 FUS_7434","out":56,"served":56,"etr":null,"loc":[64.85451058236129,-147.80158206793305],"subs":[]}]}