{"schema":1,"id":"gvea","name":"Golden Valley Electric (Fairbanks, AK)","adapter":"gvea","collectedAt":1782622107569,"official":{"out":405,"served":49835,"nOut":2},"areas":[{"name":"KAS B5 FUS_5011","out":368,"served":368,"etr":null,"loc":[64.93823291271724,-147.57084301520507],"subs":[]},{"name":"BRS R1 FUS_1728","out":37,"served":37,"etr":null,"loc":[64.79369533983885,-147.40026294103274],"subs":[]}]}