{"schema":1,"id":"gvea","name":"Golden Valley Electric (Fairbanks, AK)","adapter":"gvea","collectedAt":1782751851879,"official":{"out":4,"served":49817,"nOut":2},"areas":[{"name":"KAS B6 SER_5700650","out":1,"served":1,"etr":null,"loc":[64.89052098212017,-147.61684467937965],"subs":[]},{"name":"SSS B3 TRA_326135","out":3,"served":3,"etr":null,"loc":[64.82564992692997,-147.72654756976874],"subs":[]}]}