{"schema":1,"id":"gvea","name":"Golden Valley Electric (Fairbanks, AK)","adapter":"gvea","collectedAt":1782763978019,"official":{"out":4,"served":49817,"nOut":2},"areas":[{"name":"JRS R2 FUS_3088","out":3,"served":3,"etr":null,"loc":[64.49866529509015,-146.97476030553793],"subs":[]},{"name":"DRS R4 SER_2421692","out":1,"served":1,"etr":null,"loc":[64.78181735555206,-147.31456991144807],"subs":[]}]}