{"schema":1,"id":"gvea","name":"Golden Valley Electric (Fairbanks, AK)","adapter":"gvea","collectedAt":1782589907110,"official":{"out":4,"served":49835,"nOut":4},"areas":[{"name":"SFS R1 SER_10033146","out":1,"served":1,"etr":null,"loc":[64.81669178748999,-147.71384376614117],"subs":[]},{"name":"SFS R1 SER_2737625","out":1,"served":1,"etr":null,"loc":[64.81681666428449,-147.72215526571927],"subs":[]},{"name":"SFS R1 SER_10012319","out":1,"served":1,"etr":null,"loc":[64.81683302468956,-147.7221589559626],"subs":[]},{"name":"SFS R1 SER_10012318","out":1,"served":1,"etr":null,"loc":[64.81684268140367,-147.72217502718578],"subs":[]}]}