{"schema":1,"id":"idaho-power","name":"Idaho Power (ID)","adapter":"idaho-power","collectedAt":1782740133027,"official":{"out":347,"served":611598,"nOut":2},"areas":[{"name":"TRANSMISSION - MAIN","out":336,"served":336,"etr":null,"loc":[43.09823434700007,-112.80225580099994],"subs":[]},{"name":"SALMON","out":11,"served":11,"etr":null,"loc":[45.15156358500008,-114.01544773799998],"subs":[]}]}