{"schema":1,"id":"modesto-id","name":"Modesto Irrigation District (CA)","adapter":"milsoft","collectedAt":1782770841621,"official":{"out":80,"served":119021,"nOut":2},"areas":[{"name":"OF11E5-7","out":68,"served":68,"etr":null,"loc":[37.64232012457833,-120.93784055695957],"subs":[]},{"name":"UT14169","out":12,"served":12,"etr":null,"loc":[37.6440749145617,-120.93745931606745],"subs":[]}]}