{"schema":1,"id":"modesto-id","name":"Modesto Irrigation District (CA)","adapter":"milsoft","collectedAt":1782766362739,"official":{"out":70,"served":119021,"nOut":3},"areas":[{"name":"UT10793","out":1,"served":1,"etr":null,"loc":[37.71540943879458,-121.0815537703238],"subs":[]},{"name":"UT13467","out":1,"served":1,"etr":null,"loc":[37.714041838230735,-121.08202543299437],"subs":[]},{"name":"OF11E5-7","out":68,"served":68,"etr":null,"loc":[37.64232012457833,-120.93784055695957],"subs":[]}]}