{"schema":1,"id":"modesto-id","name":"Modesto Irrigation District (CA)","adapter":"milsoft","collectedAt":1782763584800,"official":{"out":2,"served":119021,"nOut":2},"areas":[{"name":"UT10793","out":1,"served":1,"etr":null,"loc":[37.71540943879458,-121.0815537703238],"subs":[]},{"name":"UT13467","out":1,"served":1,"etr":null,"loc":[37.714041838230735,-121.08202543299437],"subs":[]}]}