{"schema":1,"id":"pepco","name":"Pepco (DC/MD)","adapter":"kubra","collectedAt":1782622118693,"official":{"out":185,"served":910294,"nOut":3},"areas":[{"name":"Prince George's","out":0,"served":253066,"etr":null,"loc":[38.8762939223,-76.86882535475],"subs":[]},{"name":"District of Columbia","out":0,"served":320701,"etr":null,"loc":[38.893745,-77.014576],"subs":[]},{"name":"Montgomery","out":185,"served":336527,"etr":"2026-06-28T06:00:00Z","loc":[39.09813013145,-77.2043061248],"subs":[]}]}