{"schema":1,"id":"pepco","name":"Pepco (DC/MD)","adapter":"kubra","collectedAt":1782725175324,"official":{"out":4,"served":910294,"nOut":1},"areas":[{"name":"Prince George's","out":0,"served":253066,"etr":null,"loc":[38.8762939223,-76.86882535475],"subs":[]},{"name":"District of Columbia","out":4,"served":320701,"etr":"2026-06-29T12:00:00Z","loc":[38.893745,-77.014576],"subs":[]},{"name":"Montgomery","out":0,"served":336527,"etr":null,"loc":[39.09813013145,-77.2043061248],"subs":[]}]}