{"schema":1,"id":"pepco","name":"Pepco (DC/MD)","adapter":"kubra","collectedAt":1782351086979,"official":{"out":13,"served":910911,"nOut":4},"areas":[{"name":"Montgomery","out":13,"served":336813,"etr":"2026-06-25T05:00:00Z","loc":[39.09813013145,-77.2043061248],"subs":[]},{"name":"Prince George's","out":0,"served":253124,"etr":null,"loc":[38.8762939223,-76.86882535475],"subs":[]},{"name":"District of Columbia","out":0,"served":320974,"etr":null,"loc":[38.893745,-77.014576],"subs":[]}]}