{"schema":1,"id":"pepco","name":"Pepco (DC/MD)","adapter":"kubra","collectedAt":1782589919467,"official":{"out":4,"served":910294,"nOut":4},"areas":[{"name":"Prince George's","out":0,"served":253066,"etr":null,"loc":[38.8762939223,-76.86882535475],"subs":[]},{"name":"District of Columbia","out":0,"served":320701,"etr":null,"loc":[38.893745,-77.014576],"subs":[]},{"name":"Montgomery","out":4,"served":336527,"etr":"2026-06-28T00:00:00Z","loc":[39.09813013145,-77.2043061248],"subs":[]}]}