{"schema":1,"id":"smeco","name":"Southern Maryland Electric Cooperative","adapter":"kubra","collectedAt":1782860913688,"official":{"out":0,"served":180558,"nOut":0},"areas":[{"name":"St. Mary's","out":0,"served":54829,"etr":null,"loc":[38.275037259861705,-76.59577852895592],"subs":[]},{"name":"Calvert","out":0,"served":34005,"etr":null,"loc":[38.54246511562266,-76.54118980126827],"subs":[]},{"name":"Charles","out":0,"served":77561,"etr":null,"loc":[38.480541654473825,-76.99839109557257],"subs":[]},{"name":"Prince George's","out":0,"served":14163,"etr":null,"loc":[38.83551479092492,-76.87725314216874],"subs":[]}]}