{"schema":1,"id":"walton-emc","name":"Walton EMC (GA)","adapter":"outageentry","collectedAt":1782763752273,"official":{"out":3,"served":143882,"nOut":3},"areas":[{"name":"C1175718","out":1,"served":1,"etr":null,"loc":[33.83159025048431,-84.08717010408726],"subs":[]},{"name":"C1175721","out":1,"served":1,"etr":null,"loc":[33.8511764992767,-83.70540009610323],"subs":[]},{"name":"C1175722","out":1,"served":1,"etr":null,"loc":[33.8780846064167,-83.70986224196541],"subs":[]}]}