{"schema":1,"id":"walton-emc","name":"Walton EMC (GA)","adapter":"outageentry","collectedAt":1782843218165,"official":{"out":2,"served":143882,"nOut":2},"areas":[{"name":"C1175767","out":1,"served":1,"etr":null,"loc":[33.84839097683918,-84.08385251598412],"subs":[]},{"name":"C1175765","out":1,"served":1,"etr":null,"loc":[33.84470684802073,-84.01262720969913],"subs":[]}]}