{"schema":1,"id":"walton-emc","name":"Walton EMC (GA)","adapter":"outageentry","collectedAt":1782766385943,"official":{"out":4,"served":143882,"nOut":4},"areas":[{"name":"C1175721","out":1,"served":1,"etr":null,"loc":[33.8511764992767,-83.70540009610323],"subs":[]},{"name":"C1175725","out":1,"served":1,"etr":null,"loc":[33.7573466439169,-83.57820061295124],"subs":[]},{"name":"C1175722","out":1,"served":1,"etr":null,"loc":[33.8780846064167,-83.70986224196541],"subs":[]},{"name":"C1175723","out":1,"served":1,"etr":null,"loc":[33.7905830880255,-83.30282517433633],"subs":[]}]}