{"schema":1,"id":"walton-emc","name":"Walton EMC (GA)","adapter":"outageentry","collectedAt":1782775057792,"official":{"out":3,"served":143882,"nOut":3},"areas":[{"name":"C1175725","out":1,"served":1,"etr":null,"loc":[33.7573466439169,-83.57820061295124],"subs":[]},{"name":"C1175728","out":1,"served":1,"etr":null,"loc":[33.768508655535804,-83.99581706536847],"subs":[]},{"name":"C1175727","out":1,"served":1,"etr":null,"loc":[33.86930062592408,-83.98494931784704],"subs":[]}]}