{"schema":1,"id":"walton-emc","name":"Walton EMC (GA)","adapter":"outageentry","collectedAt":1782770865440,"official":{"out":2,"served":143882,"nOut":2},"areas":[{"name":"C1175727","out":1,"served":1,"etr":null,"loc":[33.86930062592408,-83.98494931784704],"subs":[]},{"name":"C1175725","out":1,"served":1,"etr":null,"loc":[33.7573466439169,-83.57820061295124],"subs":[]}]}