{"schema":1,"id":"walton-emc","name":"Walton EMC (GA)","adapter":"outageentry","collectedAt":1782751882622,"official":{"out":2,"served":143882,"nOut":2},"areas":[{"name":"C1175715","out":1,"served":1,"etr":null,"loc":[33.78449347426191,-83.76154973854963],"subs":[]},{"name":"C1175711","out":1,"served":1,"etr":null,"loc":[33.880777182917136,-83.97685138070766],"subs":[]}]}