{"schema":1,"id":"walton-emc","name":"Walton EMC (GA)","adapter":"outageentry","collectedAt":1782845769400,"official":{"out":3,"served":143882,"nOut":3},"areas":[{"name":"C1175767","out":1,"served":1,"etr":null,"loc":[33.84839097683918,-84.08385251598412],"subs":[]},{"name":"C1175770","out":1,"served":1,"etr":null,"loc":[33.897022874703204,-83.50316263301676],"subs":[]},{"name":"C1175765","out":1,"served":1,"etr":null,"loc":[33.84470684802073,-84.01262720969913],"subs":[]}]}