{"schema":1,"id":"walton-emc","name":"Walton EMC (GA)","adapter":"outageentry","collectedAt":1782826229957,"official":{"out":3,"served":143882,"nOut":3},"areas":[{"name":"C1175755","out":1,"served":1,"etr":null,"loc":[33.86260779819381,-83.90931054028769],"subs":[]},{"name":"C1175756","out":1,"served":1,"etr":null,"loc":[33.81113479247435,-83.6106849514796],"subs":[]},{"name":"C1175743","out":1,"served":1,"etr":null,"loc":[33.801299367548246,-83.6636419309577],"subs":[]}]}