{"schema":1,"id":"walton-emc","name":"Walton EMC (GA)","adapter":"outageentry","collectedAt":1782835713806,"official":{"out":4,"served":143882,"nOut":4},"areas":[{"name":"C1175761","out":1,"served":1,"etr":null,"loc":[33.75002643371389,-83.51581744885254],"subs":[]},{"name":"C1175759","out":1,"served":1,"etr":null,"loc":[33.75533223265835,-83.95791595081846],"subs":[]},{"name":"C1175760","out":1,"served":1,"etr":null,"loc":[33.82648356080699,-83.94707155935426],"subs":[]},{"name":"C1175467","out":1,"served":1,"etr":null,"loc":[33.833084637422154,-84.1159266702393],"subs":[]}]}