{"gonzales, texas":[29.44366,-97.51086],"fayette, texas":[29.83816,-96.95597],"washington, texas":[30.22264,-96.39361],"caldwell, texas":[29.8299,-97.59596],"hays, texas":[30.04479,-98.03931],"guadalupe, texas":[29.64801,-97.82796],"colorado, texas":[29.60996,-96.54788],"williamson, texas":[30.65809,-97.60416],"lee, texas":[30.30314,-96.95886],"milam, texas":[30.76269,-96.99817],"bastrop, texas":[30.05411,-97.38878],"austin, texas":[30.27113,-97.7437],"burleson, texas":[30.47649,-96.63535],"travis, texas":[30.28786,-97.75614],"bronx, new york":[40.84665,-73.87859],"central bronx, bronx, new york":[40.88036,-73.8814],"fordham, bronx, new york":[40.85927,-73.89847],"northeast bronx, bronx, new york":[40.82749,-73.90216],"riverdale, bronx, new york":[40.90056,-73.90639],"southeast bronx, bronx, new york":null,"west bronx, bronx, new york":[40.8404,-73.87941],"brooklyn, new york":[40.6526,-73.94972],"bay ridge, brooklyn, new york":[40.63201,-74.02321],"borough hall, brooklyn, new york":[40.69303,-73.98979],"brighton beach, brooklyn, new york":[40.57964,-73.96111],"crown heights, brooklyn, new york":[40.66747,-73.94357],"flatbush, brooklyn, new york":[40.65205,-73.95903],"ocean parkway, brooklyn, new york":[40.57631,-73.9685],"park slope, brooklyn, new york":[40.6701,-73.98597],"prospect park, brooklyn, new york":[40.66177,-73.97109],"ridgewood, brooklyn, new york":[40.69814,-73.91065],"sheepshead bay, brooklyn, new york":[40.59122,-73.94458],"williamsburg, brooklyn, new york":[40.71462,-73.95345],"manhattan, new york":[40.75796,-73.98553],"battery park city, manhattan, new york":[40.71102,-74.01694],"beekman, manhattan, new york":[40.75372,-73.96501],"bowling green, manhattan, new york":[40.70504,-74.01365],"canal, manhattan, new york":[40.71953,-74.00177],"central park, manhattan, new york":[40.78277,-73.96536],"chelsea, manhattan, new york":[40.74649,-74.00153],"city hall, manhattan, new york":[40.71328,-74.00698],"columbus circle, manhattan, new york":[40.76797,-73.9814],"cooper square, manhattan, new york":[40.72811,-73.99134],"cortlandt, manhattan, new york":[40.71143,-74.01214],"empire, manhattan, new york":[40.74844,-73.98566],"fashion, manhattan, new york":[40.74712,-73.9946],"freedom, manhattan, new york":[40.77785,-73.98775],"fulton, manhattan, new york":[40.71033,-74.00763],"grand central, manhattan, new york":[40.75277,-73.97919],"greeley square, manhattan, new york":[40.74874,-73.98829],"greenwich, manhattan, new york":[40.73358,-74.00282],"harlem, manhattan, new york":[40.80786,-73.94547],"herald square, manhattan, new york":[40.7495,-73.98799],"hudson, manhattan, new york":[40.76411,-73.98879],"hunter, manhattan, new york":[40.76831,-73.96441],"kips bay, manhattan, new york":[40.73955,-73.97708],"lenox hill, manhattan, new york":[40.76644,-73.95902],"lincoln square, manhattan, new york":[40.77232,-73.9844],"madison square, manhattan, new york":[40.74499,-73.9982],"midtown, manhattan, new york":[40.75512,-73.98478],"park place, manhattan, new york":[40.71409,-74.01105],"pennsylvania, manhattan, new york":[40.75024,-73.99281],"plaza, manhattan, new york":[40.75172,-73.9778],"randalls island, manhattan, new york":[40.796,-73.9208],"rockefeller center, manhattan, new york":[40.75926,-73.97996],"roosevelt, manhattan, new york":[40.76134,-73.95029],"sheridan square, manhattan, new york":[40.73316,-74.0022],"sutton, manhattan, new york":[40.75661,-73.96188],"times square, manhattan, new york":[40.75701,-73.98597],"triboro, manhattan, new york":[40.78831,-73.92763],"turtle bay, manhattan, new york":[40.75347,-73.96887],"washington heights, manhattan, new york":[40.8402,-73.94022],"yorkville, manhattan, new york":[40.77801,-73.9482],"queens, new york":[40.71351,-73.82831],"washtenaw, michigan":[42.2582,-83.84409],"macomb, michigan":[42.67412,-82.9029],"wayne, michigan":[42.26824,-83.28442],"ingham, michigan":[42.58605,-84.38008],"lenawee, michigan":[41.87353,-84.06243],"st. clair, michigan":[42.94267,-82.62836],"oakland, michigan":[42.66188,-83.38044],"tuscola, michigan":[43.47768,-83.39511],"livingston, michigan":[42.59246,-83.91479],"monroe, michigan":[41.91534,-83.51357],"lapeer, michigan":[43.09048,-83.23337],"columbus, ks, missouri":[38.85862,-93.89078],"cte":[34.12961,-118.03635],"andover, connecticut":[41.73732,-72.37036],"ashford, connecticut":[41.87315,-72.12147],"avon, connecticut":[41.80982,-72.83065],"barkhamsted, connecticut":[41.92926,-72.91399],"beacon falls, connecticut":[41.44287,-73.06261],"berlin, connecticut":[41.62149,-72.74565],"bethany, connecticut":[41.42176,-72.99705],"bethel, connecticut":[41.37121,-73.41401],"bethlehem, connecticut":[41.63936,-73.20808],"bloomfield, connecticut":[41.8313,-72.73703],"bolton, connecticut":[41.76899,-72.43342],"branford, connecticut":[41.27954,-72.8151],"bridgewater, connecticut":[41.53509,-73.36623],"bristol, connecticut":[41.67118,-72.94301],"brookfield, connecticut":[41.48259,-73.40957],"brooklyn, connecticut":[41.78815,-71.9498],"burlington, connecticut":[41.76926,-72.96455],"canaan, connecticut":[41.95948,-73.31176],"canterbury, connecticut":[41.69821,-71.97098],"canton, connecticut":[41.82454,-72.89371],"chaplin, connecticut":[41.79482,-72.1273],"cheshire, connecticut":[41.49894,-72.90099],"chester, connecticut":[41.40315,-72.45092],"clinton, connecticut":[41.27871,-72.52759],"colchester, connecticut":[41.57565,-72.33203],"colebrook, connecticut":[41.98947,-73.09586],"columbia, connecticut":[41.70221,-72.30195],"cornwall, connecticut":[41.84371,-73.32928],"coventry, connecticut":[41.7701,-72.30508],"cromwell, connecticut":[41.59499,-72.64557],"danbury, connecticut":[41.39482,-73.45401],"darien, connecticut":[41.07871,-73.46929],"deep river, connecticut":[41.38565,-72.43564],"durham, connecticut":[41.48176,-72.68121],"east granby, connecticut":[41.9418,-72.7275],"east haddam, connecticut":[41.45286,-72.46133],"east hampton, connecticut":[41.57584,-72.50248],"east hartford, connecticut":[41.76791,-72.64451],"east lyme, connecticut":[41.34821,-72.2093],"east windsor, connecticut":[41.91564,-72.61299],"eastford, connecticut":[41.90207,-72.07991],"easton, connecticut":[41.25287,-73.29734],"ellington, connecticut":[41.90399,-72.46981],"enfield, connecticut":[41.97677,-72.59171],"essex, connecticut":[41.35343,-72.39064],"fairfield, connecticut":[41.14121,-73.26373],"farmington, connecticut":[41.71982,-72.83204],"franklin, connecticut":[41.60905,-72.14619],"glastonbury, connecticut":[41.71232,-72.60815],"goshen, connecticut":[41.83176,-73.22511],"granby, connecticut":[41.95383,-72.78931],"greenwich, connecticut":[41.02649,-73.62846],"griswold, connecticut":[41.58447,-71.94074],"groton, connecticut":[41.34655,-72.03888],"guilford, connecticut":[41.28276,-72.68164],"haddam, connecticut":[41.48034,-72.51606],"hamden, connecticut":[41.38362,-72.90201],"hampton, connecticut":[41.78399,-72.0548],"hartford, connecticut":[41.76458,-72.69085],"dallas, texas":[32.77627,-96.79686],"rockwall, texas":[32.89235,-96.4067],"collin, texas":[33.16096,-96.6061],"fannin, texas":[33.53725,-96.09028],"kaufman, texas":[32.60164,-96.33751],"hunt, texas":[33.11616,-96.08089],"rains, texas":[32.86851,-95.7964],"van zandt, texas":[32.53756,-95.82922],"wood, texas":[32.75775,-95.38129],"hopkins, texas":[33.13683,-95.56566],"delta, texas":[33.39269,-95.67495],"franklin, texas":[33.20027,-95.22318],"macon, georgia":[32.84069,-83.6324],"harris, georgia":[32.72518,-84.91046],"crawford, georgia":[32.72127,-83.98253],"chattahoochee, georgia":[32.33203,-84.79398],"muscogee, georgia":[32.48407,-84.85022],"sumter, georgia":[32.04851,-84.18625],"marion, georgia":[32.34733,-84.52826],"talbot, georgia":[32.69847,-84.5054],"peach, georgia":[32.55435,-83.83507],"twiggs, georgia":[32.64679,-83.43516],"dooly, georgia":[32.15424,-83.82538],"schley, georgia":[32.24789,-84.31755],"taylor, georgia":[32.41992,-99.81165],"bibb, georgia":[32.80959,-83.69456],"houston, georgia":[32.46598,-83.63139],"karnes, texas":[28.87919,-97.90629],